serial_number,lot_id,delay_0h,delay_24h,leakage_0h,leakage_24h,Component_ID,Lot_ID,Device_Type,Temperature,True_Behavior,Data_Source,Synthetic_Profile,Iddq_0h,Iddq_24h,Iddq_96h,Iddq_168h,Leakage_0h,Leakage_24h,Leakage_96h,Leakage_168h,PropagationDelay_0h,PropagationDelay_24h,PropagationDelay_96h,PropagationDelay_168h
C0001,LOT_03,19.4758,19.3434,11.564,11.7916,C0001,LOT_03,DeviceA,125,high_initial_stable,SYNTHETIC,stress,13.578,14.4526,14.3417,14.4864,11.564,11.7916,11.9879,12.03,19.4758,19.3434,19.6849,19.2751
C0002,LOT_04,11.611,11.3604,7.2773,7.3385,C0002,LOT_04,DeviceA,125,static_limit_escape,SYNTHETIC,stress,9.7008,9.9968,11.5774,14.7246,7.2773,7.3385,8.6048,11.7152,11.611,11.3604,12.4168,13.978
C0003,LOT_05,11.7383,11.8263,7.8754,8.235,C0003,LOT_05,DeviceB,125,normal,SYNTHETIC,stress,8.8462,9.4105,9.4083,9.3901,7.8754,8.235,8.6386,9.1139,11.7383,11.8263,12.2324,12.413
C0004,LOT_03,11.7795,11.5105,7.7175,8.2378,C0004,LOT_03,DeviceA,125,latent_defect,SYNTHETIC,stress,9.6929,9.9738,17.8627,26.905,7.7175,8.2378,14.2812,25.8986,11.7795,11.5105,14.3642,19.4267
C0005,LOT_06,12.2842,13.0271,7.6805,8.1566,C0005,LOT_06,DeviceA,125,gradual_degradation,SYNTHETIC,stress,9.665,10.4163,11.6642,13.7667,7.6805,8.1566,10.3912,13.1098,12.2842,13.0271,15.2227,19.0363
C0006,LOT_05,11.4141,11.7623,8.4767,8.9185,C0006,LOT_05,DeviceB,125,latent_defect,SYNTHETIC,stress,10.351,10.4296,20.1173,27.1342,8.4767,8.9185,12.2116,19.0211,11.4141,11.7623,14.7984,20.9551
C0007,LOT_03,12.6215,12.8189,7.7157,8.5207,C0007,LOT_03,DeviceA,125,gradual_degradation,SYNTHETIC,stress,10.1932,10.8012,13.2516,15.6036,7.7157,8.5207,9.7645,12.0934,12.6215,12.8189,15.0198,16.5785
C0008,LOT_05,11.6594,11.4727,8.1175,7.8996,C0008,LOT_05,DeviceB,125,normal,SYNTHETIC,stress,9.6734,9.8542,9.5482,10.3475,8.1175,7.8996,7.9858,7.8849,11.6594,11.4727,11.9297,11.7956
C0009,LOT_01,11.5023,11.6449,7.7197,7.702,C0009,LOT_01,DeviceA,125,static_limit_escape,SYNTHETIC,stress,9.467,9.9701,13.6384,18.6398,7.7197,7.702,9.1839,12.0082,11.5023,11.6449,12.8667,15.5552
C0010,LOT_01,11.969,11.8401,8.2166,8.295,C0010,LOT_01,DeviceA,125,latent_defect,SYNTHETIC,stress,9.3849,9.6012,10.6396,14.0858,8.2166,8.295,9.9277,14.4935,11.969,11.8401,13.1196,17.0398
C0011,LOT_06,11.5339,12.4985,8.0025,8.561,C0011,LOT_06,DeviceB,125,gradual_degradation,SYNTHETIC,stress,11.097,12.2999,15.0704,20.3009,8.0025,8.561,10.2241,14.4639,11.5339,12.4985,14.827,18.6784
C0012,LOT_06,11.1957,11.2159,7.4794,7.3344,C0012,LOT_06,DeviceA,125,static_limit_escape,SYNTHETIC,stress,9.1031,9.7183,11.0247,15.9794,7.4794,7.3344,8.6732,10.9796,11.1957,11.2159,11.6124,12.6633
C0013,LOT_02,12.4693,12.043,8.9648,9.1158,C0013,LOT_02,DeviceB,125,normal,SYNTHETIC,stress,10.3783,10.5303,10.0715,10.7637,8.9648,9.1158,8.8771,9.0896,12.4693,12.043,12.3498,12.0665
C0014,LOT_02,11.9781,12.0345,8.2791,8.1051,C0014,LOT_02,DeviceA,125,normal,SYNTHETIC,stress,11.6815,12.0363,12.7651,13.2399,8.2791,8.1051,8.3672,8.6969,11.9781,12.0345,12.2502,12.3149
C0015,LOT_04,12.0363,11.5649,7.9259,7.6668,C0015,LOT_04,DeviceA,125,abrupt_degradation,SYNTHETIC,stress,10.3394,10.5832,12.9092,30.3028,7.9259,7.6668,7.7973,19.1406,12.0363,11.5649,14.5887,26.9837
C0016,LOT_05,11.9495,12.5602,8.7711,10.3093,C0016,LOT_05,DeviceB,125,gradual_degradation,SYNTHETIC,stress,9.5421,9.9435,10.8587,12.5294,8.7711,10.3093,13.6542,21.2768,11.9495,12.5602,13.6605,17.1546
C0017,LOT_05,12.9894,12.6424,8.7003,8.7574,C0017,LOT_05,DeviceA,125,normal,SYNTHETIC,stress,10.6548,10.51,10.326,11.0213,8.7003,8.7574,9.3746,9.3466,12.9894,12.6424,12.9261,13.4464
C0018,LOT_06,12.4293,12.9411,7.1396,7.4752,C0018,LOT_06,DeviceB,125,normal,SYNTHETIC,stress,9.6565,9.8961,10.2975,10.4604,7.1396,7.4752,7.5444,7.1865,12.4293,12.9411,13.0209,12.975
C0019,LOT_03,11.1496,11.4393,6.7568,6.709,C0019,LOT_03,DeviceA,125,latent_defect,SYNTHETIC,stress,9.0874,9.5334,16.1428,25.842,6.7568,6.709,15.1885,21.5689,11.1496,11.4393,18.8467,29.5495
C0020,LOT_03,12.2089,12.2726,7.779,7.9416,C0020,LOT_03,DeviceA,125,abrupt_degradation,SYNTHETIC,stress,8.8669,8.6829,10.2959,13.7163,7.779,7.9416,7.9518,23.8202,12.2089,12.2726,13.482,21.0946
C0021,LOT_03,12.4518,12.1403,8.2226,8.0148,C0021,LOT_03,DeviceB,125,normal,SYNTHETIC,stress,10.1614,10.5976,11.1617,11.321,8.2226,8.0148,8.7505,8.367,12.4518,12.1403,12.5384,12.809
C0022,LOT_03,12.2161,12.1542,7.5696,7.7314,C0022,LOT_03,DeviceA,125,normal,SYNTHETIC,stress,9.2767,9.0502,9.6888,9.7474,7.5696,7.7314,7.5772,7.491,12.2161,12.1542,12.1813,12.8938
C0023,LOT_03,11.2305,11.2986,7.4406,7.7557,C0023,LOT_03,DeviceB,125,normal,SYNTHETIC,stress,9.9255,9.4246,9.798,10.1945,7.4406,7.7557,7.8704,8.0038,11.2305,11.2986,11.6247,11.758
C0024,LOT_06,12.8582,12.9571,8.9671,8.9002,C0024,LOT_06,DeviceA,125,abrupt_degradation,SYNTHETIC,stress,10.7643,11.3518,15.9152,27.4439,8.9671,8.9002,12.4083,27.1036,12.8582,12.9571,12.8401,26.0776
C0025,LOT_01,12.0268,12.2071,8.399,8.0896,C0025,LOT_01,DeviceA,125,normal,SYNTHETIC,stress,10.0914,10.2061,10.7363,11.3475,8.399,8.0896,8.8094,9.0622,12.0268,12.2071,12.6972,13.4565
C0026,LOT_02,12.5007,12.5925,8.6468,8.5999,C0026,LOT_02,DeviceB,125,latent_defect,SYNTHETIC,stress,10.5453,10.2077,21.9989,32.489,8.6468,8.5999,14.1181,22.8646,12.5007,12.5925,15.3797,19.8799
C0027,LOT_04,12.679,12.4609,7.4754,7.1681,C0027,LOT_04,DeviceB,125,normal,SYNTHETIC,stress,10.7343,11.3208,11.0271,11.212,7.4754,7.1681,7.1661,7.7074,12.679,12.4609,12.6865,12.3009
C0028,LOT_02,12.2873,12.084,8.5979,8.5599,C0028,LOT_02,DeviceA,125,abrupt_degradation,SYNTHETIC,stress,9.5965,9.6579,9.4248,18.2376,8.5979,8.5599,10.6536,17.7625,12.2873,12.084,16.8612,25.6281
C0029,LOT_01,12.3531,12.4082,7.8582,7.7619,C0029,LOT_01,DeviceB,125,static_limit_escape,SYNTHETIC,stress,9.7,9.6761,12.138,17.2881,7.8582,7.7619,9.316,13.1835,12.3531,12.4082,14.3271,15.6324
C0030,LOT_06,11.2991,12.0772,7.1227,7.3909,C0030,LOT_06,DeviceA,125,gradual_degradation,SYNTHETIC,stress,9.8254,11.1636,13.6032,17.2354,7.1227,7.3909,8.6442,12.4269,11.2991,12.0772,13.8227,16.2901
C0031,LOT_02,11.8086,11.6141,9.2104,8.3248,C0031,LOT_02,DeviceB,125,normal,SYNTHETIC,stress,8.8709,9.1582,9.6033,9.9122,9.2104,8.3248,9.2611,8.5948,11.8086,11.6141,12.1867,12.0142
C0032,LOT_05,13.0319,13.2632,8.6068,8.0402,C0032,LOT_05,DeviceA,125,latent_defect,SYNTHETIC,stress,9.4932,9.9327,14.7469,20.7743,8.6068,8.0402,10.5662,13.6094,13.0319,13.2632,16.1601,20.8812
C0033,LOT_03,12.0085,12.1476,7.8615,7.6027,C0033,LOT_03,DeviceA,125,static_limit_escape,SYNTHETIC,stress,9.2704,9.597,13.1223,19.4479,7.8615,7.6027,10.8778,17.4832,12.0085,12.1476,12.7129,13.7096
C0034,LOT_05,10.958,11.0481,8.0875,8.2817,C0034,LOT_05,DeviceB,125,latent_defect,SYNTHETIC,stress,10.2552,10.3022,11.6715,13.8679,8.0875,8.2817,8.3233,9.8955,10.958,11.0481,11.9216,14.4956
C0035,LOT_04,11.2525,12.0709,7.5242,7.8479,C0035,LOT_04,DeviceA,125,gradual_degradation,SYNTHETIC,stress,9.6106,10.2971,12.0118,14.6499,7.5242,7.8479,9.2114,13.0862,11.2525,12.0709,13.6438,17.9565
C0036,LOT_02,12.5733,12.9194,7.9017,8.1197,C0036,LOT_02,DeviceA,125,latent_defect,SYNTHETIC,stress,9.7764,10.5229,12.1026,15.6493,7.9017,8.1197,10.4532,13.8652,12.5733,12.9194,15.0614,18.0791
C0037,LOT_05,11.9559,11.6752,7.9399,7.6336,C0037,LOT_05,DeviceB,125,abrupt_degradation,SYNTHETIC,stress,9.9715,9.6396,11.6294,20.4487,7.9399,7.6336,12.8231,20.2757,11.9559,11.6752,14.6356,23.353
C0038,LOT_06,11.9019,12.0248,8.4081,8.6953,C0038,LOT_06,DeviceA,125,static_limit_escape,SYNTHETIC,stress,10.9443,11.1836,15.9369,23.68,8.4081,8.6953,13.2764,18.882,11.9019,12.0248,12.8637,14.1824
C0039,LOT_06,11.991,12.7057,7.3767,7.8506,C0039,LOT_06,DeviceA,125,gradual_degradation,SYNTHETIC,stress,9.7334,10.1164,13.4889,17.6603,7.3767,7.8506,9.5929,11.7718,11.991,12.7057,14.3626,16.6482
C0040,LOT_03,11.3373,11.1667,7.1865,7.1298,C0040,LOT_03,DeviceB,125,latent_defect,SYNTHETIC,stress,9.0791,9.7909,15.0888,23.5454,7.1865,7.1298,9.1588,12.5712,11.3373,11.1667,12.7764,15.5351
C0041,LOT_04,11.6918,11.5788,7.2429,7.9279,C0041,LOT_04,DeviceA,125,abrupt_degradation,SYNTHETIC,stress,9.99,9.6701,9.4392,22.4123,7.2429,7.9279,7.4773,20.0066,11.6918,11.5788,15.1606,23.452
C0042,LOT_04,12.9935,13.2019,8.5565,8.3783,C0042,LOT_04,DeviceA,125,normal,SYNTHETIC,stress,9.7175,9.8398,9.8328,10.5006,8.5565,8.3783,8.6992,8.5274,12.9935,13.2019,13.5257,13.9753
C0043,LOT_03,12.2901,12.6168,8.5577,7.8859,C0043,LOT_03,DeviceA,125,normal,SYNTHETIC,stress,11.1118,11.0655,11.0905,11.9006,8.5577,7.8859,8.4775,8.5025,12.2901,12.6168,13.1305,13.3781
C0044,LOT_01,12.6855,12.6256,8.4434,8.9658,C0044,LOT_01,DeviceB,125,gradual_degradation,SYNTHETIC,stress,9.795,10.5674,11.684,14.5123,8.4434,8.9658,11.6271,16.3523,12.6855,12.6256,14.234,17.9036
C0045,LOT_04,11.8728,11.9034,7.9421,7.8236,C0045,LOT_04,DeviceB,125,normal,SYNTHETIC,stress,10.9221,10.9341,11.4299,11.5897,7.9421,7.8236,8.0882,8.3749,11.8728,11.9034,12.3639,12.6477
C0046,LOT_06,11.7682,12.1941,7.8734,7.4162,C0046,LOT_06,DeviceA,125,normal,SYNTHETIC,stress,11.2333,10.7975,11.8018,11.4053,7.8734,7.4162,7.5255,8.0818,11.7682,12.1941,12.2872,12.29
C0047,LOT_02,12.3485,12.6098,8.4671,8.4143,C0047,LOT_02,DeviceB,125,abrupt_degradation,SYNTHETIC,stress,10.2349,10.4316,10.4048,20.4349,8.4671,8.4143,8.2582,18.3956,12.3485,12.6098,14.1761,25.0911
C0048,LOT_02,11.8773,11.7503,7.8391,7.9939,C0048,LOT_02,DeviceA,125,abrupt_degradation,SYNTHETIC,stress,9.3933,9.5517,15.3988,21.6152,7.8391,7.9939,12.5552,18.717,11.8773,11.7503,12.2578,17.3174
C0049,LOT_02,13.4952,14.0416,9.317,9.7292,C0049,LOT_02,DeviceB,125,gradual_degradation,SYNTHETIC,stress,9.7696,10.1377,11.5616,13.5309,9.317,9.7292,10.7665,14.6566,13.4952,14.0416,17.659,25.8414
C0050,LOT_01,11.2509,11.2774,7.3203,7.4512,C0050,LOT_01,DeviceA,125,static_limit_escape,SYNTHETIC,stress,9.7592,10.5045,13.4163,20.642,7.3203,7.4512,12.206,15.965,11.2509,11.2774,12.4322,15.2523
C0051,LOT_03,11.4353,11.2328,7.4426,7.18,C0051,LOT_03,DeviceA,125,normal,SYNTHETIC,stress,9.4534,9.5271,9.6705,9.9901,7.4426,7.18,7.2124,7.9584,11.4353,11.2328,11.38,11.4137
C0052,LOT_03,12.3996,12.823,9.2759,9.7862,C0052,LOT_03,DeviceB,125,latent_defect,SYNTHETIC,stress,10.2277,10.2989,12.7453,15.2833,9.2759,9.7862,11.5505,18.4146,12.3996,12.823,16.2376,19.4818
C0053,LOT_06,11.6195,12.3009,7.2273,7.9204,C0053,LOT_06,DeviceB,125,gradual_degradation,SYNTHETIC,stress,9.435,10.6094,14.709,17.439,7.2273,7.9204,9.6899,13.5707,11.6195,12.3009,14.7551,18.6156
C0054,LOT_04,12.2766,12.5813,8.2612,8.251,C0054,LOT_04,DeviceA,125,normal,SYNTHETIC,stress,9.6001,9.9754,10.5471,10.9431,8.2612,8.251,7.8635,9.0352,12.2766,12.5813,13.0866,13.5787
C0055,LOT_06,11.9454,12.2173,7.6593,7.508,C0055,LOT_06,DeviceB,125,static_limit_escape,SYNTHETIC,stress,10.0579,10.1925,11.8199,13.956,7.6593,7.508,9.4277,11.3843,11.9454,12.2173,12.9513,13.9568
C0056,LOT_03,11.279,11.6314,8.2792,8.1592,C0056,LOT_03,DeviceB,125,static_limit_escape,SYNTHETIC,stress,10.0305,10.1342,14.0206,20.6626,8.2792,8.1592,12.0152,17.6655,11.279,11.6314,12.4106,13.4414
C0057,LOT_03,12.5086,12.9267,8.5673,8.5772,C0057,LOT_03,DeviceA,125,latent_defect,SYNTHETIC,stress,10.4679,11.0723,14.1054,19.2402,8.5673,8.5772,12.0389,19.8481,12.5086,12.9267,16.8035,23.2033
C0058,LOT_02,11.5425,11.1262,7.8383,7.5656,C0058,LOT_02,DeviceB,125,abrupt_degradation,SYNTHETIC,stress,9.8238,10.0275,13.7069,16.2367,7.8383,7.5656,8.6195,14.7127,11.5425,11.1262,15.2114,26.7801
C0059,LOT_03,12.0355,12.3784,7.805,7.6775,C0059,LOT_03,DeviceB,125,normal,SYNTHETIC,stress,9.7431,9.959,10.9523,10.8212,7.805,7.6775,7.9908,8.4249,12.0355,12.3784,12.6623,13.0
C0060,LOT_05,12.0541,12.4619,8.2651,8.6025,C0060,LOT_05,DeviceB,125,static_limit_escape,SYNTHETIC,stress,9.4005,10.1489,12.8166,15.6844,8.2651,8.6025,11.6879,16.1855,12.0541,12.4619,13.3365,14.3617
C0061,LOT_03,16.7112,16.6838,12.5781,12.5459,C0061,LOT_03,DeviceB,125,high_initial_stable,SYNTHETIC,stress,16.7978,17.2961,16.9022,16.4876,12.5781,12.5459,13.1919,13.025,16.7112,16.6838,16.7478,16.6592
C0062,LOT_04,12.135,11.7071,7.9737,7.858,C0062,LOT_04,DeviceA,125,normal,SYNTHETIC,stress,9.239,9.3397,9.6734,10.1652,7.9737,7.858,8.3986,8.5277,12.135,11.7071,12.041,11.9804
C0063,LOT_02,12.0055,12.1325,7.5346,7.4328,C0063,LOT_02,DeviceA,125,latent_defect,SYNTHETIC,stress,10.2375,11.0359,13.5895,18.7929,7.5346,7.4328,10.5388,14.8954,12.0055,12.1325,14.7733,21.6384
C0064,LOT_03,12.2346,12.1913,7.2471,7.6432,C0064,LOT_03,DeviceA,125,static_limit_escape,SYNTHETIC,stress,10.1884,10.305,12.5484,18.9548,7.2471,7.6432,8.5958,10.5247,12.2346,12.1913,13.2582,16.2873
C0065,LOT_05,12.1736,12.3335,7.8636,7.8792,C0065,LOT_05,DeviceB,125,latent_defect,SYNTHETIC,stress,9.7058,9.1564,10.4402,11.9829,7.8636,7.8792,8.4048,10.4263,12.1736,12.3335,13.4606,15.0239
C0066,LOT_06,11.1602,11.1715,8.1111,7.7524,C0066,LOT_06,DeviceA,125,abrupt_degradation,SYNTHETIC,stress,9.0541,9.2505,16.6074,24.0579,8.1111,7.7524,8.0005,19.7643,11.1602,11.1715,17.2754,21.6539
C0067,LOT_01,11.1461,11.6213,7.0582,7.318,C0067,LOT_01,DeviceB,125,latent_defect,SYNTHETIC,stress,8.9987,9.3403,11.7662,18.8609,7.0582,7.318,8.5829,15.7683,11.1461,11.6213,16.5465,21.0615
C0068,LOT_05,11.2962,11.0441,7.6857,7.7819,C0068,LOT_05,DeviceA,125,normal,SYNTHETIC,stress,10.0821,10.549,10.5258,10.3538,7.6857,7.7819,8.0047,8.0953,11.2962,11.0441,11.8234,12.0502
C0069,LOT_02,12.9022,13.8713,7.605,8.2328,C0069,LOT_02,DeviceA,125,gradual_degradation,SYNTHETIC,stress,10.206,11.5132,15.0468,19.7455,7.605,8.2328,11.4647,14.482,12.9022,13.8713,16.4171,19.9394
C0070,LOT_05,20.055,20.1565,10.4717,9.9615,C0070,LOT_05,DeviceB,125,high_initial_stable,SYNTHETIC,stress,14.7633,14.6595,14.6137,13.9664,10.4717,9.9615,10.1491,10.0361,20.055,20.1565,20.5111,20.4198
C0071,LOT_05,11.9017,11.6108,8.3559,8.7618,C0071,LOT_05,DeviceB,125,normal,SYNTHETIC,stress,9.3232,9.457,9.0698,9.5702,8.3559,8.7618,9.5072,9.8863,11.9017,11.6108,11.598,11.8923
C0072,LOT_04,11.3456,11.4439,7.4999,7.63,C0072,LOT_04,DeviceB,125,normal,SYNTHETIC,stress,10.2813,10.4747,10.9763,11.6108,7.4999,7.63,8.2846,8.8644,11.3456,11.4439,11.5842,12.1303
C0073,LOT_03,11.3631,11.2536,7.6967,7.9837,C0073,LOT_03,DeviceB,125,normal,SYNTHETIC,stress,9.0558,9.2926,9.3967,9.6225,7.6967,7.9837,8.588,8.638,11.3631,11.2536,11.417,11.4432
C0074,LOT_04,12.7246,13.0934,8.2482,7.9696,C0074,LOT_04,DeviceA,125,abrupt_degradation,SYNTHETIC,stress,9.3503,9.7172,14.6458,24.7007,8.2482,7.9696,8.2033,22.2445,12.7246,13.0934,12.7247,20.7771
C0075,LOT_02,12.0098,12.6121,9.784,9.4672,C0075,LOT_02,DeviceB,125,abrupt_degradation,SYNTHETIC,stress,10.3837,10.329,13.1134,18.6532,9.784,9.4672,13.5619,21.1909,12.0098,12.6121,14.1152,23.419
C0076,LOT_05,12.0013,11.8048,7.7488,7.8628,C0076,LOT_05,DeviceA,125,static_limit_escape,SYNTHETIC,stress,9.0204,9.2664,10.7627,12.7662,7.7488,7.8628,8.8938,11.9737,12.0013,11.8048,12.4995,13.8322
C0077,LOT_04,11.7193,11.8563,7.2976,7.619,C0077,LOT_04,DeviceA,125,abrupt_degradation,SYNTHETIC,stress,9.6829,9.9474,9.6053,23.829,7.2976,7.619,9.7735,17.332,11.7193,11.8563,15.3395,21.1696
C0078,LOT_06,11.7321,11.764,8.4456,8.582,C0078,LOT_06,DeviceB,125,static_limit_escape,SYNTHETIC,stress,10.8123,11.4893,14.5046,19.7779,8.4456,8.582,9.4804,11.6171,11.7321,11.764,12.5553,13.5553
C0079,LOT_05,11.6748,11.56,8.27,8.1312,C0079,LOT_05,DeviceB,125,static_limit_escape,SYNTHETIC,stress,9.3217,9.5595,11.2632,13.8451,8.27,8.1312,10.0388,13.7691,11.6748,11.56,12.4621,13.3327
C0080,LOT_02,11.4818,12.0785,8.7751,9.1286,C0080,LOT_02,DeviceB,125,gradual_degradation,SYNTHETIC,stress,10.8405,11.1781,14.6445,16.6001,8.7751,9.1286,11.14,13.8744,11.4818,12.0785,13.211,14.9774
C0081,LOT_01,11.4022,11.2364,7.5875,7.3145,C0081,LOT_01,DeviceA,125,normal,SYNTHETIC,stress,9.9743,9.5268,9.9558,10.3783,7.5875,7.3145,7.2858,7.3265,11.4022,11.2364,11.6713,11.6081
C0082,LOT_02,12.7812,12.1488,8.4586,8.4663,C0082,LOT_02,DeviceB,125,normal,SYNTHETIC,stress,9.7958,9.7777,9.9462,9.7814,8.4586,8.4663,8.2712,8.6282,12.7812,12.1488,12.5675,12.8373
C0083,LOT_04,11.6865,11.513,7.5393,7.3135,C0083,LOT_04,DeviceB,125,abrupt_degradation,SYNTHETIC,stress,9.9468,10.1624,12.2638,20.436,7.5393,7.3135,7.3996,16.6844,11.6865,11.513,11.6297,29.644
C0084,LOT_04,11.678,11.5133,8.222,7.8718,C0084,LOT_04,DeviceB,125,normal,SYNTHETIC,stress,9.0638,9.1609,8.7701,9.3792,8.222,7.8718,7.9856,8.0379,11.678,11.5133,12.0188,12.1784
C0085,LOT_01,12.1096,11.8846,8.2015,8.5428,C0085,LOT_01,DeviceA,125,normal,SYNTHETIC,stress,10.1861,10.4797,10.7602,11.3537,8.2015,8.5428,8.789,8.9819,12.1096,11.8846,12.5728,13.4369
C0086,LOT_03,12.3087,12.0819,8.1181,7.9178,C0086,LOT_03,DeviceB,125,static_limit_escape,SYNTHETIC,stress,10.2976,10.0558,15.3194,20.9677,8.1181,7.9178,9.7702,11.9554,12.3087,12.0819,13.5996,16.1866
C0087,LOT_06,11.4955,11.625,8.7118,8.5734,C0087,LOT_06,DeviceB,125,normal,SYNTHETIC,stress,9.4496,9.6782,9.5161,10.0648,8.7118,8.5734,8.7548,9.3554,11.4955,11.625,11.8503,12.0408
C0088,LOT_03,11.7549,11.1825,8.1133,7.8679,C0088,LOT_03,DeviceA,125,normal,SYNTHETIC,stress,9.8445,10.0188,10.1073,10.2183,8.1133,7.8679,8.3844,8.492,11.7549,11.1825,11.651,11.8842
C0089,LOT_06,11.9988,11.9603,7.9152,9.0521,C0089,LOT_06,DeviceA,125,gradual_degradation,SYNTHETIC,stress,9.9685,10.8435,15.2389,20.0138,7.9152,9.0521,13.2931,19.1997,11.9988,11.9603,17.0055,20.5821
C0090,LOT_03,11.8025,12.1076,7.9124,7.679,C0090,LOT_03,DeviceA,125,normal,SYNTHETIC,stress,9.5845,10.1649,10.6601,11.1283,7.9124,7.679,8.4726,8.5962,11.8025,12.1076,12.7127,12.5597
C0091,LOT_03,11.335,11.5216,7.6975,7.5675,C0091,LOT_03,DeviceB,125,normal,SYNTHETIC,stress,9.4505,10.2083,10.2246,10.704,7.6975,7.5675,8.1532,8.6037,11.335,11.5216,11.419,11.6877
C0092,LOT_05,16.8527,17.1866,11.3755,11.495,C0092,LOT_05,DeviceB,125,high_initial_stable,SYNTHETIC,stress,12.0528,11.8968,11.5717,12.085,11.3755,11.495,11.2145,11.5861,16.8527,17.1866,17.1767,16.8893
C0093,LOT_04,12.169,12.4628,7.9522,7.5719,C0093,LOT_04,DeviceA,125,normal,SYNTHETIC,stress,10.38,10.1672,9.9471,10.2936,7.9522,7.5719,8.0878,8.1871,12.169,12.4628,12.6075,12.8655
C0094,LOT_02,13.232,13.2488,9.7349,9.1226,C0094,LOT_02,DeviceA,125,normal,SYNTHETIC,stress,11.9183,11.5797,12.4969,12.7319,9.7349,9.1226,9.7362,9.8066,13.232,13.2488,14.0559,14.3266
C0095,LOT_06,12.6851,14.4072,8.3985,8.9507,C0095,LOT_06,DeviceA,125,gradual_degradation,SYNTHETIC,stress,11.5858,11.6309,13.5432,15.6604,8.3985,8.9507,12.4402,15.6961,12.6851,14.4072,16.9773,23.8583
C0096,LOT_04,12.008,12.3059,7.9611,8.0525,C0096,LOT_04,DeviceB,125,abrupt_degradation,SYNTHETIC,stress,9.619,9.8012,15.591,18.283,7.9611,8.0525,8.0024,16.9714,12.008,12.3059,19.92,31.0507
C0097,LOT_03,11.531,11.5541,8.4131,8.3572,C0097,LOT_03,DeviceB,125,static_limit_escape,SYNTHETIC,stress,9.2713,9.1069,11.1484,17.264,8.4131,8.3572,9.4422,11.35,11.531,11.5541,12.5772,14.3626
C0098,LOT_04,13.488,13.5298,8.429,8.8665,C0098,LOT_04,DeviceA,125,gradual_degradation,SYNTHETIC,stress,10.3383,10.5348,13.3159,14.7942,8.429,8.8665,10.3929,15.7969,13.488,13.5298,16.9273,19.5034
C0099,LOT_05,11.5649,11.5935,8.1593,7.8682,C0099,LOT_05,DeviceA,125,static_limit_escape,SYNTHETIC,stress,9.5124,9.3654,11.3385,13.5304,8.1593,7.8682,10.394,17.2064,11.5649,11.5935,11.9045,13.0708
C0100,LOT_05,12.5442,12.1859,9.3512,9.277,C0100,LOT_05,DeviceB,125,abrupt_degradation,SYNTHETIC,stress,11.2597,11.3236,11.401,24.8354,9.3512,9.277,9.1932,25.0663,12.5442,12.1859,12.298,31.8401
C0101,LOT_04,12.2872,12.1113,7.4397,7.1945,C0101,LOT_04,DeviceB,125,static_limit_escape,SYNTHETIC,stress,10.2915,10.3526,12.5602,16.8156,7.4397,7.1945,9.2129,14.0095,12.2872,12.1113,13.5586,15.4063
C0102,LOT_04,11.8829,12.8081,8.0695,7.7877,C0102,LOT_04,DeviceA,125,gradual_degradation,SYNTHETIC,stress,10.365,11.1521,15.4724,22.7869,8.0695,7.7877,9.6714,12.6822,11.8829,12.8081,16.4444,20.5021
C0103,LOT_05,11.6531,11.9762,8.2401,8.1038,C0103,LOT_05,DeviceB,125,abrupt_degradation,SYNTHETIC,stress,9.9759,9.8143,12.0558,21.8729,8.2401,8.1038,8.1824,16.3497,11.6531,11.9762,11.585,21.6454
C0104,LOT_06,13.0356,12.8538,8.5703,8.3348,C0104,LOT_06,DeviceB,125,static_limit_escape,SYNTHETIC,stress,10.8008,10.987,13.0209,16.3532,8.5703,8.3348,10.3142,14.9335,13.0356,12.8538,13.5128,14.9687
C0105,LOT_05,12.1584,11.6848,7.9747,7.7727,C0105,LOT_05,DeviceB,125,normal,SYNTHETIC,stress,9.7986,10.3255,10.2757,10.5241,7.9747,7.7727,8.1908,8.9299,12.1584,11.6848,11.9182,11.9144
C0106,LOT_01,12.1294,12.2814,8.22,8.257,C0106,LOT_01,DeviceB,125,latent_defect,SYNTHETIC,stress,9.3066,10.1709,12.561,19.2448,8.22,8.257,10.7509,19.6405,12.1294,12.2814,21.8559,31.1504
C0107,LOT_04,11.0348,11.5981,8.1723,7.9311,C0107,LOT_04,DeviceA,125,normal,SYNTHETIC,stress,8.7925,8.9046,8.9041,9.7526,8.1723,7.9311,8.5009,8.9608,11.0348,11.5981,11.7997,12.3026
C0108,LOT_02,12.1422,11.7552,7.2195,7.4486,C0108,LOT_02,DeviceB,125,abrupt_degradation,SYNTHETIC,stress,10.7899,11.3445,14.4944,18.2135,7.2195,7.4486,11.8303,17.8236,12.1422,11.7552,11.8207,20.8232
C0109,LOT_05,11.6862,11.6075,8.3818,8.0104,C0109,LOT_05,DeviceB,125,abrupt_degradation,SYNTHETIC,stress,10.1655,10.0087,20.6473,29.2165,8.3818,8.0104,8.3037,23.6056,11.6862,11.6075,11.6685,16.2423
C0110,LOT_01,11.8377,11.6443,6.1659,6.1652,C0110,LOT_01,DeviceA,125,normal,SYNTHETIC,stress,9.8168,9.55,9.725,9.7511,6.1659,6.1652,6.4254,6.6218,11.8377,11.6443,11.6645,11.6694
C0111,LOT_04,12.0973,12.1078,7.3314,7.7831,C0111,LOT_04,DeviceB,125,normal,SYNTHETIC,stress,10.1877,9.9674,10.6775,10.488,7.3314,7.7831,8.4861,8.8845,12.0973,12.1078,12.4453,13.0354
C0112,LOT_05,11.8578,12.6137,8.7396,8.9486,C0112,LOT_05,DeviceB,125,gradual_degradation,SYNTHETIC,stress,10.4663,11.6593,14.1733,16.2121,8.7396,8.9486,11.4888,15.6217,11.8578,12.6137,15.2097,19.7227
C0113,LOT_06,13.0695,13.2742,7.9883,7.7657,C0113,LOT_06,DeviceB,125,latent_defect,SYNTHETIC,stress,9.6298,9.6322,14.6188,24.2775,7.9883,7.7657,13.8291,23.7642,13.0695,13.2742,21.1253,31.4247
C0114,LOT_04,12.7959,12.9298,7.9059,8.3084,C0114,LOT_04,DeviceA,125,normal,SYNTHETIC,stress,9.736,9.887,10.4913,10.4503,7.9059,8.3084,8.4278,8.8739,12.7959,12.9298,13.3382,13.7195
C0115,LOT_02,11.1201,11.009,8.307,8.1487,C0115,LOT_02,DeviceA,125,normal,SYNTHETIC,stress,8.7279,9.0275,9.2591,9.2691,8.307,8.1487,8.5002,8.3885,11.1201,11.009,10.9941,11.4218
C0116,LOT_03,12.8336,12.7465,7.8725,8.2166,C0116,LOT_03,DeviceA,125,normal,SYNTHETIC,stress,9.3267,9.2182,9.8536,9.6272,7.8725,8.2166,8.7452,8.9806,12.8336,12.7465,13.6475,14.041
C0117,LOT_05,12.0886,12.8958,8.5667,9.5607,C0117,LOT_05,DeviceA,125,gradual_degradation,SYNTHETIC,stress,9.9311,11.1385,12.8007,15.6323,8.5667,9.5607,13.2797,21.4342,12.0886,12.8958,15.1372,17.585
C0118,LOT_01,10.7898,11.351,8.5123,9.8362,C0118,LOT_01,DeviceB,125,gradual_degradation,SYNTHETIC,stress,9.9845,10.2409,11.7477,15.0449,8.5123,9.8362,14.4121,18.9332,10.7898,11.351,13.0692,16.2887
C0119,LOT_02,11.0793,10.9135,7.7657,8.1313,C0119,LOT_02,DeviceB,125,abrupt_degradation,SYNTHETIC,stress,10.1407,10.3324,11.2995,14.5121,7.7657,8.1313,8.0239,16.1336,11.0793,10.9135,10.9252,14.7049
C0120,LOT_03,11.7538,12.3995,8.359,9.9007,C0120,LOT_03,DeviceA,125,gradual_degradation,SYNTHETIC,stress,9.5837,10.5165,13.8655,18.8783,8.359,9.9007,14.6226,19.9827,11.7538,12.3995,15.6679,17.8588
